{
  "optimization_weights": [0.158, 0.104, 0.184, 0.254, 0.3],
  "max_stats": {
    "[DOGEUSDT, AVAXUSDT]": {
      "max_drawdown": -1060.8244,
      "max_inventory": [3500, 3500]
    },
    "[UNIUSDT, AVAXUSDT]": {
      "max_drawdown": -853.0123,
      "max_inventory": [5600, 5600]
    },
    "[DOTUSDT, AVAXUSDT]": {
      "max_drawdown": -422.7099,
      "max_inventory": [2750, 4150]
    },
    "[BNBUSDT, TRXUSDT]": {
      "max_drawdown": -533.1578,
      "max_inventory": [5600, 5600]
    },
    "[DOTUSDT, DOGEUSDT]": {
      "max_drawdown": -444.8711,
      "max_inventory": [3500, 3500]
    }
  },
  "absolute_parameters": {
    "pair_1": "0.999799575055338#-0.0200202327450523#0.0100101163725241#0.00500505818626207#0.707106781186548#-0.707106781186547#1000#5",
    "pair_2": "0.93250512682412#-0.36115673667638#0.270867552507231#0.203150664380423#0.707106781186548#-0.707106781186547#1000#9",
    "pair_3": "0.995432555541956#-0.0954674152117376#0.0497716277770702#0.0248858138885351#0.555570233019602#-0.831469612302545#1000#5",
    "pair_4": "0.000306217931977169#-0.999999953115288#0.00299999985933221#0.00299969985934628#0.707106781186548#-0.707106781186547#1000#9",
    "pair_5": "0.0760725057803823#-0.99710228856637#0.00760725057803402#0.00570543793352551#0.707106781186548#-0.707106781186547#1000#5"
  }
}
